IsOctNov,Mean_Benzene,Event_Rate,Count
Other Months,9.511078639744952,0.08023379383634431,7528
October-November,13.02652084757348,0.20642515379357484,1463
